year;month;share_bus_lcvgaz;share_bort_lcvgaz;share_cmf_lcvgaz;share_lcv_total;share_bort_ldtgaz;share_dumptruck;share_ldt_total;share_total_quantity;bus_uaz;bort_uaz;cmf_uaz;wa_sprice_lcv;wa_sprice_ldt;wa_sprice_total;turnover_lcv;turnover_ldt;turnover_total;leasing;credit;element;vtb;europlan;karkade;baltiyskiy;sberbank;reso;alfa;gazprom;gdp;cp_index;rt_turnover;volume_services ;construction;industrial_production;agriculture;road_freight_turnover;passenger_turnover;business_index;exchange_rate;urals;key_rate;applications;callback_website;callback_account;client_question;app_website;online_requests
2019;1;0,53;0,63;0,29;0,5;0,65;1;0,67;0,52;336;533;490;1182;1849;1317;5,4;4,3;5;0,22;0,08;123;65;79;15;29;59;72;27;2;0,014;0,01;0,022;-0,001;-0,089;0,027;0,009;0,048;-0,007;-2,9;67,3328;59,85;7,75;19845;55;9;8;169;121
2019;2;0,47;0,64;0,33;0,5;0,69;0,98;0,7;0,52;359;619;513;1180;1851;1290;3,4;3,3;3;0,45;0,08;415;335;128;31;108;174;156;47;5;0,014;0,004;0,023;0,015;0,001;0,042;0,012;0,021;-0,014;-2;65,8593;63,85;7,75;14742;94;3;1;203;71
2019;3;0,4;0,67;0,33;0,5;0,68;0,99;0,7;0,53;280;679;404;1179;1847;1288;2,8;2,6;3;0,4;0,1;397;320;191;63;93;278;192;101;30;0,014;0,003;0,024;0,004;0,034;0,027;0,017;0,18;-0,001;-2,8;65,1429;65,98;7,75;49840;83;4;2;227;115
2019;4;0,4;0,66;0,38;0,51;0,63;1;0,66;0,53;273;766;476;1171;1843;1289;2,8;2,3;3;0,37;0,11;423;348;212;51;108;183;109;58;78;0,014;0,003;0,02;0,005;0,022;0,052;0,016;0,147;-0,007;-1,9;64,617;71,54;7,75;40376;88;19;5;171;94
2019;5;0,4;0,71;0,34;0,52;0,59;1;0,62;0,53;174;525;533;1191;1868;1291;3,1;3,2;3;0,38;0,09;416;255;123;43;53;175;105;44;52;0,014;0,003;0,019;0,003;0,029;0,01;0,012;0,041;-0,019;-2,6;64,8152;70,93;7,75;28035;78;10;3;153;70
2019;6;0,41;0,71;0,37;0,53;0,63;0,99;0,66;0,54;206;564;376;1182;1862;1290;2,8;2,8;3;0,35;0,08;412;310;157;43;81;180;97;48;32;0,014;0;0,018;-0,004;0,031;0,032;0,013;0,022;-0,023;-2;64,2246;61,93;7,5;10339;83;16;5;138;27
2019;7;0,43;0,69;0,29;0,5;0,68;0,99;0,7;0,53;234;737;496;1176;1854;1296;2,7;2,5;3;0,41;0,08;791;279;147;38;66;241;60;87;56;0,028;0,002;0,015; -     ;0,036;0,043;0,064;0,039;-0,018;-1,2;63,1983;63,34;7,25;39704;82;13;3;183;118
2019;8;0,39;0,69;0,31;0,5;0,71;0,99;0,72;0,53;289;689;454;1164;1838;1279;2,3;2,4;2;0,37;0,11;766;345;132;58;59;143;63;73;69;0,028;-0,002;0,011;0,005;0,027;0,039;0,036;0,034;-0,032;0,4;65,5278;59,38;7,25;17969;79;10;3;154;75
2019;9;0,41;0,72;0,31;0,52;0,72;0,94;0,73;0,54;212;572;444;1181;1860;1290;2,1;2,7;2;0,38;0,1;729;325;139;28;55;168;121;61;76;0,028;-0,002;0,009;0,012;0,053;0,05;0,058;0,033;-0,013;-0,2;64,9795;61,06;7;39501;96;19;1;207;76
2019;10;0,4;0,72;0,29;0,5;0,65;1;0,66;0,52;247;680;569;1174;1896;1294;2,1;2,7;2;0,36;0,1;711;243;168;33;53;185;84;62;90;0,031;0,001;0,019;0,011;0,067;0,044;0,054;0,058;-0,006;-0,2;64,3539;58,45;6,5;53760;77;30;12;221;145
2019;11;0,42;0,69;0,35;0,52;0,66;0,97;0,67;0,54;238;679;535;1174;1892;1295;2,2;2,9;2;0,37;0,1;677;255;148;16;53;176;103;53;188;0,031;0,003;0,026;0,003;-0,014;0,015;0,06;0,081;-0,013;-1,5;63,865;63,34;6,5;62041;78;18;5;174;88
2019;12;0,45;0,69;0,34;0,51;0,7;0,98;0,72;0,54;493;813;775;1185;1890;1301;1,9;2,9;2;0,35;0,1;739;234;168;53;86;278;107;64;121;0,031;0,004;0,018;0,009;0,002;0,026;0,058;0,072;0,003;-1,6;62,9356;64,47;6,25;69230;76;17;9;149;120
2020;1;0,47;0,7;0,4;0,53;0,7;0,98;0,72;0,55;334;459;490;1197;1964;1338;4,5;6,2;5;0,33;0,1;293;123;68;19;32;95;61;32;26;0,015;0,004;0,028;0,035;0,028;0,016;0,029;0,029;-0,007;-2,6;61,7808;61,67;6,25;18732;57;18;11;177;190
2020;2;0,39;0,69;0,38;0,51;0,58;0,98;0,61;0,52;260;469;398;1198;1998;1336;3;4,2;3;0,33;0,1;360;183;74;37;60;162;72;47;27;0,015;0,003;0,049;0,026;0,035;0,051;0,031;0,084;0,006;-1,3;63,8776;54,24;6;42868;69;9;0;149;136
2020;3;0,33;0,68;0,37;0,48;0,63;0,98;0,66;0,5;207;545;347;1113;2098;1242;2,5;4,7;3;0,33;0,13;438;254;70;20;67;213;74;32;45;0,015;0,006;0,069;-0,044;0,024;0,028;0,03;-0,058;-0,134;-0,8;73,148;29,17;6;41860;71;25;0;147;201
2020;4;0,39;0,69;0,38;0,53;0,63;0,99;0,65;0,54;188;433;272;1238;2177;1414;4,9;5,9;5;0,5;0,05;248;79;59;17;87;185;129;57;78;-0,073;0,008;-0,22;-0,364;-0,057;-0,044;0,031;-0,082;-0,69;-8,4;75,2169;18,22;5,5;31535;83;44;0;156;500
2020;5;0,32;0,69;0,38;0,5;0,62;0,95;0,65;0,52;129;411;240;1245;2177;1422;4,3;4,7;4;0,44;0,05;228;183;42;25;113;196;142;64;83;-0,073;0,003;-0,175;-0,376;-0,042;-0,077;0,032;-0,022;-0,623;-8,1;72,611;31,03;5,5;21133;62;21;0;139;100
2020;6;0,31;0,71;0,35;0,51;0,64;0,94;0,66;0,53;203;467;437;1230;2191;1379;2,4;3,2;2;0,43;0,07;253;296;117;51;147;325;193;107;87;-0,073;0,002;-0,061;-0,297;-0,021;-0,066;0,03;-0,075;-0,449;-6,2;69,2217;41,93;4,5;16163;65;22;0;163;75
2020;7;0,36;0,7;0,36;0,51;0,67;0,98;0,69;0,53;205;567;454;1304;2316;1459;2,2;3;2;0,46;0,06;314;276;112;46;100;284;176;127;124;-0,033;0,003;-0,005;-0,206;-0,004;-0,056;0,042;0,003;-0,318;-4,5;71,2825;43,91;4,25;18032;81;12;0;195;240
2020;8;0,31;0,68;0,31;0,48;0,6;0,97;0,62;0,49;192;490;398;1319;2331;1462;2;2,7;2;0,45;0,06;316;325;169;54;134;248;201;93;107;-0,033;0;-0,007;-0,138;0,003;-0,039;0,042;0,034;-0,257;-3,5;73,797;44,51;4,25;13909;63;15;0;150;232
2020;9;0,28;0,68;0,3;0,46;0,59;0,99;0,62;0,48;217;660;492;1305;2348;1435;1,9;2,6;2;0,46;0,06;331;366;182;64;164;272;229;151;144;-0,033;-0,001;-0,012;-0,091;0,031;-0,035;0,023;0,022;-0,199;-3,4;75,6513;40,91;4,25;14931;80;19;0;150;233
2020;10;0,31;0,71;0,33;0,48;0,55;0,99;0,58;0,49;346;606;453;1387;2469;1539;2;2,3;2;0,38;0,07;172;168;232;71;118;308;167;139;214;-0,013;0,004;-0,004;-0,106;0,007;-0,053;-0,045;-0,032;-0,241;-3,3;77,5887;40,53;4,25;13650;71;9;0;165;164
2020;11;0,28;0,72;0,35;0,5;0,56;0,96;0,59;0,51;272;442;442;1462;2414;1592;2,2;2,8;2;0,32;0,09;243;154;177;70;80;146;94;114;175;-0,013;0,007;-0,024;-0,116;0,006;-0,01;-0,017;-0,019;-0,271;-1,4;77,033;43,32;4,25;10115;53;15;0;159;87
2020;12;0,3;0,71;0,29;0,45;0,59;1;0,63;0,47;310;703;920;1397;2427;1564;2,2;2,3;2;0,31;0,06;316;201;230;27;110;212;111;89;134;-0,013;0,008;-0,022;-0,091;0,009;0,037;0,005;-0,02;-0,261;-0,9;74,0504;49,37;4,25;11900;95;19;0;60;122
2021;1;0,34;0,66;0,28;0,44;0,63;0,98;0,65;0,47;223;507;586;1406;2420;1581;5,2;4,6;5;0,33;0,06;182;62;134;6;39;86;96;35;28;0,005;0,007;0,011;-0,089;0,001;-0,018;0,007;0,011;-0,275;1,8;74,22;54,41;4,25;6930;18;19;0;137;128
2021;2;0,33;0,7;0,29;0,46;0,67;0,94;0,69;0,49;204;475;627;1408;2502;1562;3,2;3,4;3;0,33;0,08;292;104;139;55;69;135;89;59;73;0,005;0,008;-0,007;-0,054; -     ;-0,027;0,006;0,02;-0,241;1,4;74,38;60,78;4,25;8092;32;9;0;147;107
2021;3;0,28;0,68;0,35;0,46;0,68;1;0,7;0,49;231;669;681;1448;2533;1597;2,4;2,7;2;0,43;0,04;559;214;281;82;162;228;140;96;175;0,005;0,007;-0,025;0,048;0,004;0,028;0,001;0,081;-0,069;1,3;74,41;63,62;4,5;8421;30;23;0;124;329
2021;4;0,25;0,71;0,45;0,51;0,66;0,94;0,68;0,53;233;718;590;1473;2560;1621;2,3;3;2;0,43;0,07;536;202;260;122;177;259;146;137;202;0,112;0,006;0,363;0,582;0,069;0,088;-0,001;0,153;1,635;1,6;76,09;62,2;5;7035;36;16;0;122;344
2021;5;0,23;0,71;0,41;0,49;0,66;0,99;0,69;0,51;211;587;312;1458;2605;1630;2,5;3;3;0,4;0,06;411;158;244;119;149;164;125;139;221;0,112;0,007;0,28;0,585;0,077;0,129;0,001;0,106;1,088;2,3;74,04;66,63;5;6279;19;9;0;150;235
2021;6;0,28;0,71;0,33;0,48;0,6;0,97;0,62;0,5;255;680;478;1519;2672;1692;2,1;2,9;2;0,44;0,06;431;173;279;66;142;240;181;126;238;0,112;0,007;0,115;0,422;0,157;0,113;0,001;0,019;0,446;2,7;72,51;71,4;5,5;5355;22;13;0;87;188
2021;7;0,29;0,7;0,35;0,48;0,64;0,96;0,67;0,51;250;534;343;1524;2701;1699;2,1;3;2;0,42;0,05;379;189;254;113;108;197;178;115;125;0,05;0,003;0,057;0,234;0,093;0,077;0,01; -     ;0,121;2,8;73,92;72,17;5,5;6090;29;18;0;114;282
2021;8;0,25;0,72;0,27;0,44;0,58;0,99;0,61;0,46;466;442;322;1519;2678;1709;1,9;2,6;2;0,42;0,05;303;131;271;88;134;173;189;137;161;0,05;0,002;0,058;0,172;0,062;0,054;-0,108;-0,016;0,044;3;73,59;68,33;6,5;5061;28;17;0;121;246
2021;9;0,3;0,67;0,3;0,46;0,6;0,97;0,63;0,48;239;549;416;1557;2733;1751;1,6;2,3;2;0,39;0,06;363;144;221;96;90;253;150;120;146;0,05;0,006;0,062;0,142;0,001;0,078;-0,058;-0,004;0,011;3,5;72,89;72,46;6,75;3780;11;11;0;128;274
2021;10;0,44;0,69;0,33;0,5;0,59;0,99;0,62;0,51;299;545;373;1638;2804;1804;1,7;2,6;2;0,4;0,06;379;143;262;112;101;270;150;123;122;0,058;0,011;0,046;0,142; -     ;0,082;0,055;0,051;0,018;3,3;71,49;81,49;6,75;7644;21;15;0;121;286
2021;11;0,46;0,66;0,35;0,51;0,62;1;0,65;0,52;380;539;385;1642;2796;1826;1,8;2,3;2;0,39;0,05;391;168;222;90;111;216;155;124;152;0,058;0,01;0,036;0,149;0,069;0,078;0,129;0,1;0,028;2,8;72,59;79,68;7,5;7140;19;8;0;117;302
2021;12;0,44;0,68;0,39;0,51;0,61;0,98;0,64;0,53;602;734;635;1639;2890;1836;1,7;1,8;2;0,41;0,04;547;190;277;116;117;272;191;104;179;0,058;0,008;0,056;0,09;0,084;0,075;0,013;0,045;0,054;3,9;73,72;72,71;8,5;11277;13;10;0;118;311
2022;1;0,35;0,64;0,45;0,51;0,62;0,97;0,64;0,52;249;404;221;1699;2908;1861;3,5;4,2;4;0,41;0,07;279;80;145;59;55;87;97;60;77;0,03;0,01;0,045;0,118;0,003;0,089;0,034;0,07;0,029; -     ;75,8682;85,64;8,5;18907;25;13;108;127;374
2022;2;0,37;0,6;0,4;0,49;0,62;0,96;0,65;0,51;245;402;258;1717;3022;1930;2,5;2,4;2;0,43;0,05;339;139;219;93;71;140;145;79;131;0,03;0,012;0,07;0,084;0,051;0,065;0,039;0,037;-0,037;1;77,3412;92,15;9,5;19159;16;3;87;125;371
2022;3;0,33;0,66;0,42;0,5;0,54;0,97;0,57;0,51;241;539;444;2035;3614;2301;3,4;2,6;3;0,31;0,02;82;87;181;100;67;74;145;35;111;0,03;0,076;0,03;0,04;0,054;0,035;0,074;0,015;-0,037;-6,1;103,6808;89,05;20;34160;14;8;72;53;236
2022;4;0,37;0,5;0,46;0,46;0,45;0,98;0,48;0,46;218;399;375;2348;4038;2591;5,5;4,4;5;0,24;0,01;39;30;34;42;42;34;66;26;72;-0,045;0,016;-0,096;0,01;0,096;-0,018;0,089;0,013;-0,048;-5,5;77,8089;70,52;17;31017;18;3;62;78;220
2022;5;0,46;0,59;0,51;0,54;0,46;0,97;0,49;0,53;71;280;237;2341;4045;2574;5,5;4,5;5;0,32;0,02;93;49;107;50;39;52;42;48;61;-0,045;0,001;-0,097;0,014;0,026;-0,014;0,081;0,004;-0,004;-5,6;64,6393;78,81;14;46375;23;5;51;96;182
2022;6;0,58;0,67;0,54;0,61;0,48;0,93;0,51;0,59;38;444;350;2579;4350;2781;3,8;3,3;4;0,48;0,03;155;99;207;116;96;120;161;129;140;-0,045;-0,003;-0,094;0,018; -     ;-0,014;0,082;0,011;-0,006;-6,4;57,1764;87,25;9,5;33915;19;3;55;69;176
2022;7;0,44;0,71;0,59;0,62;0,53;0,71;0,54;0,61;89;419;364;2522;4176;2675;3,5;3,6;4;0,51;0,04;186;119;265;125;141;121;140;89;143;-0,035;-0,004;-0,091;0,02;0,065;0,005;0,077;0,015;0,018;-6,8;58,0843;78,41;9,5;43862;22;13;57;129;162
2022;8;0,46;0,68;0,53;0,59;0,57;0,9;0,59;0,59;136;571;371;2495;4507;2687;3,5;4,2;4;0,49;0,05;190;186;163;141;109;163;87;104;113;-0,035;-0,005;-0,094;0,038;0,067;0,007;0,154;0,022;0,003;-7,1;60,3487;74,73;8;32249;22;11;62;147;112
2022;9;0,41;0,71;0,52;0,59;0,56;0,91;0,6;0,59;290;450;453;2565;4159;2717;3,3;4,9;3;0,48;0,05;258;161;158;134;104;195;34;123;147;-0,035;0;-0,109;0,014;0,028;-0,02;0,136;0,006;-0,018;-5,4;59,7916;68,25;7,5;52584;10;7;47;102;183
2022;10;0,43;0,67;0,5;0,58;0,54;0,93;0,56;0,57;229;568;435;2530;4328;2770;3,6;3,6;4;0,45;0,04;257;102;125;135;98;169;52;75;132;-0,027;0,002;-0,102;0,017;0,087;-0,016;0,109;0,009;0,016;-4,2;60,8636;70,62;7,5;33719;14;10;84;76;198
2022;11;0,4;0,67;0,5;0,56;0,59;0,98;0,63;0,56;336;636;609;2511;4196;2773;3,2;2,7;3;0,49;0,03;322;146;193;121;121;199;52;131;126;-0,027;0,004;-0,079;0,026;0,051;-0,004;0,082;0,014;0,065;-3,4;60,8749;66,47;7,5;76853;8;15;64;80;262
2022;12;0,59;0,68;0,61;0,63;0,6;0,99;0,63;0,63;548;751;597;2670;4362;2926;2,8;2,5;3;0,3;0,04;177;55;96;127;62;128;67;52;141;-0,027;0,008;-0,104;0,025;0,069;-0,021;0,061;0,019;0,015;-2,3;65,3414;50,47;7,5;69328;5;7;54;51;218
2023;1;0,59;0,64;0,53;0,59;0,63;0,85;0,64;0,6;176;381;320;2615;4196;2880;4,6;3,7;4;0,31;0,03;99;23;49;47;52;60;52;44;66;-0,026;0,008;-0,06;0,04;0,131;-0,029;0,013;0,224;0,051;2;69,2264;49,48;7,5;28924;9;8;77;60;169
2023;2;0,51;0,66;0,55;0,58;0,61;0,92;0,62;0,59;200;424;338;2482;4305;2725;3,4;3,5;3;0,38;0,03;124;51;133;91;85;77;51;84;78;-0,026;0,005;-0,071;0,055;0,127;-0,02;0,012;0,148;0,089;2,6;73,0047;49,56;7,5;23380;11;7;28;66;180
2023;3;0,6;0,68;0,59;0,63;0,55;1;0,58;0,62;296;577;418;2552;4329;2795;2,8;2,7;3;0,51;0,04;186;73;255;189;159;228;80;92;210;-0,006;0,004;-0,036;0,062;0,06;0,007;0,02;0,108;0,075;4,4;76,0825;47,85;7,5;50344;7;11;56;72;147
2023;4;0,61;0,73;0,57;0,65;0,54;1;0,57;0,64;377;535;348;2551;4316;2776;2,7;2,8;3;0,46;0,04;213;64;222;159;154;185;84;107;200;0,034;0,004;0,092;0,068;0,03;0,049;0,013;0,146;0,066;3,5;80,8803;58,63;7,5;19649;6;12;56;61;104
2023;5;0,55;0,73;0,58;0,64;0,55;0,99;0,58;0,63;370;637;369;2606;4255;2802;2,8;3,3;3;0,48;0,05;240;68;184;180;160;154;102;110;215;0,054;0,003;0,113;0,083;0,15;0,065;0,011;0,176;0,077;4,2;78,9367;53,34;7,5;13538;9;6;42;61;75
2023;6;0,55;0,73;0,58;0,64;0,56;0,98;0,59;0,64;258;668;326;2604;4167;2806;2,5;2,9;3;0,47;0,05;315;75;157;201;148;134;130;151;268;0,053;0,004;0,129;0,078;0,094;0,057;0,008;0,15;0,058;4,6;83,1468;55,28;7,5;15484;20;4;39;63;175
2023;7;0,52;0,76;0,6;0,66;0,55;0,97;0,58;0,66;225;617;336;2613;4149;2811;2,5;3,1;3;0,47;0,05;247;87;200;155;137;158;118;166;311;0,051;0,006;0,137;0,083;0,086;0,05;-0,045;0,149;0,057;4,6;90,4165;64,37;8,5;29470;11;13;52;65;108
2023;8;0,47;0,71;0,54;0,61;0,6;1;0,63;0,61;296;750;492;2662;4216;2856;2,1;2,7;2;0,46;0,06;289;98;155;228;121;176;113;167;277;0,055;0,003;0,144;0,081;0,068;0,056;-0,078;0,179;0,069;4,5;95,2629;73,73;12;41468;12;7;50;66;63
2023;9;0,55;0,69;0,58;0,63;0,58;0,94;0,6;0,63;255;694;393;2667;4227;2864;1,9;2,3;2;0,39;0,06;180;112;193;238;134;137;98;117;213;0,056;0,009;0,138;0,072;0,072;0,057;0,11;0,159;0,062;4,4;96,6494;83,18;13;35742;14;5;36;93;76
2023;10;0,6;0,7;0,54;0,63;0,6;1;0,62;0,63;245;798;430;2761;4301;2961;1,7;2;2;0,46;0,04;273;173;253;215;149;174;90;99;292;0,05;0,008;0,138;0,072;0,027;0,053;0,04;0,185;0,057;4,5;97,0068;81,69;15;39480;9;4;46;146;101
2023;11;0,59;0,63;0,43;0,56;0,58;0,98;0,6;0,57;335;912;490;2804;4429;3013;1,7;2;2;0,43;0,04;260;127;249;320;106;110;96;102;279;0,045;0,011;0,106;0,062;0,075;0,045;-0,25;0,139;0,055;6,5;90,5715;72,37;15;35392;2;10;32;115;86
2023;12;0,72;0,61;0,43;0,58;0,65;0,95;0,67;0,59;383;857;551;2815;4468;3007;1,6;2;2;0,28;0,04;132;102;162;158;99;59;111;93;178;0,046;0,007;0,107;0,068;0,087;0,027;0,055;0,097;0,045;5,4;90,7596;63,55;16;37086;15;4;42;129;80
2024;1;0,62;0,6;0,54;0,59;0,6;0,97;0,62;0,59;299;545;370;2840;4358;3028;3,6;4,3;4;0,37;0,06;69;74;107;121;69;42;55;43;156;0,048;0,009;0,086;0,04;0,039;0,046;-0,002;0,048;0,033;5,3;88,9825;65;16;45752;23;10;56;150;107
2024;2;0,66;0,58;0,61;0,61;0,64;0,95;0,66;0,62;381;793;530;2928;4723;3121;2,6;3,8;3;0,46;0,06;226;160;285;254;122;28;66;101;234;0,076;0,007;0,117;0,046;0,051;0,085;0,005;0,094;0,074;5,1;91,6103;69;16;18606;27;3;30;174;146
2024;3;0,61;0,64;0,59;0,62;0,6;0,94;0,62;0,62;270;823;442;2951;4737;3199;2,3;2,6;2;0,46;0,07;222;194;324;309;150;33;121;157;287;0,042;0,004;0,108;0,023;0,019;0,04;0,025;0,066;0,026;6;91,6941;70,34;16;16100;19;8;50;119;126
2024;4;0,6;0,64;0,55;0,61;0,58;0,96;0,61;0,61;312;835;466;2907;4656;3156;2,4;2,6;2;0,43;0,06;252;181;280;263;142;23;116;145;230;0,046;0,005;0,084;0,049;0,045;0,039;0,014;0,104;0,032;6,7;92,8856;74,98;16;21693;10;8;54;141;100
2024;5;0,6;0,6;0,56;0,59;0,55;0,97;0,57;0,59;252;680;475;2946;4824;3195;2,5;2,9;3;0,44;0,07;362;166;285;204;93;13;99;108;196;0,047;0,007;0,077;0,043;0,07;0,058;0,01;0,09;0,016;6,8;90,8704;67,37;16;26740;11;7;51;121;121
2024;6;0,69;0,59;0,53;0,59;0,54;1;0,56;0,59;196;778;393;2978;4706;3163;2,4;3,4;2;0,42;0,07;313;163;262;225;103;20;81;128;204;0,032;0,006;0,064;0,034;0,012;0,027;-0,003;0,081;0,004;7,3;88,0459;69,58;16;28049;2;8;61;64;85
2024;7;0,66;0,57;0,56;0,58;0,49;0,95;0,52;0,58;201;744;410;2973;4672;3178;2,5;3,1;3;0,41;0,08;276;126;249;195;88;22;114;112;261;0,034;0,011;0,064;0,036;0,005;0,033;0,052;0,038;0,023;7,1;87,3979;74,01;18;20482;18;8;70;74;96
2024;8;0,62;0,57;0,54;0,57;0,47;1;0,5;0,56;162;750;471;2992;4700;3219;2,5;2,8;3;0,43;0,07;282;73;295;164;132;30;130;154;262;0,025;0,002;0,053;0,023;0,001;0,027;-0,142;0,034;0,002;7,1;88,9695;70,27;18;15022;17;3;52;155;80
2024;9;0,55;0,62;0,57;0,59;0,54;1;0,57;0,59;296;667;359;2950;4717;3110;1,8;3,3;2;0,46;0,07;430;71;418;203;143;34;145;153;393;0,032;0,005;0,067;0,022; -     ;0,032;0,002;0,042;0,004;6,9;91,2974;63,57;19;24143;10;10;48;127;95
2024;10;0,59;0,62;0,68;0,64;0,54;0,98;0,56;0,63;263;907;503;2941;4834;3132;1,9;3;2;0,54;0,05;423;82;581;259;218;84;107;184;502;0,032;0,008;0,052;0,034;0,001;0,052;-0,114;0,03;0,017;6,9;96,1143;64,72;21;24521;14;13;75;95;114
2024;11;0,64;0,66;0,64;0,65;0,54;0,97;0,57;0,64;209;794;564;2951;4923;3147;1,9;2,8;2;0,58;0,04;432;81;660;281;227;118;66;171;786;0,036;0,014;0,058;0,024;0,005;0,035;-0,013;0,076;0,013;7;100,3127;63,48;21;22309;16;8;58;80;113
2024;12;0,69;0,66;0,57;0,64;0,61;0,93;0,63;0,64;212;717;522;3037;5011;3261;2,6;3;3;0,31;0,04;106;41;194;133;97;55;79;43;363;0,045;0,013;0,05;0,021;0,075;0,082;-0,116;0,144;0,034;6,8;102,446;63,44;21;22862;18;15;70;99;111
2025;1;0,64;0,6;0,54;0,58;0,54;0,97;0,57;0,58;113;411;283;3138;4762;3322;6,6;6,4;7;0,35;0,06;34;12;104;87;39;53;35;28;151;0,03;0,012;0,054;0,029;0,074;0,009;0,021;-0,019;0,02;3,5;100,8506;67,66;21;10913;15;4;63;59;45
2025;2;0,55;0,57;0,53;0,55;0,64;0,93;0,65;0,56;209;469;367;3091;5061;3310;4,5;4,1;4;0,39;0,05;45;26;131;169;56;57;45;59;228;0,005;0,008;0,022;0,017;0,119;-0,009;0,014;0,067;-0,013;2,9;92,8246;61,69;21;12026;12;6;48;64;85
2025;3;0,59;0,56;0,52;0,55;0,53;0,98;0,57;0,55;215;576;346;3053;5131;3268;3,6;3,4;4;0,41;0,06;72;35;161;242;50;84;57;80;289;0,011;0,007;0,022;0,027;0,026;0,002;0,016;0,074;0,003;2;86,0663;58,99;21;13797;21;3;58;77;83
2025;4;0,57;0,61;0,56;0,59;0,54;0,98;0,57;0,58;278;567;416;2964;4980;3130;2,9;3,5;3;0,43;0,07;60;64;142;236;57;102;69;107;315;0,015;0,004;0,019;0,029;0,079;0,013;0,014;0,076;0,01;1,8;83,3027;54,76;21;15512;24;4;44;71;202
2025;5;0,58;0,63;0,51;0,58;0,56;0,98;0,61;0,59;141;414;271;2901;4881;3044;3,2;4,5;3;0,44;0,09;110;49;116;145;63;76;57;62;290;0,007;0,004;0,018;0,017;0,001;0,014;0,013;0,004;-0,008; -     ;80,456;52,08;21;21028;19;3;37;97;145
2025;6;0,53;0,6;0,51;0,56;0,54;1;0,57;0,56;117;392;243;2839;4920;2999;2,6;3,6;3;0,41;0,08;120;57;165;109;104;89;40;43;276;0,01;0,002;0,012;0,027; -     ;0,019;0,015;0,023;-0,003;0,6;78,7176;63,52;20;9940;10;2;40;69;82
2025;7;0,56;0,64;0,53;0,59;0,58;0,97;0,62;0,59;114;444;285;2887;4641;3050;2,3;2,6;2;0,44;0,09;110;73;162;200;89;117;61;63;259;0,004;0,006;0,02;0,02;0,033;0,007;-0,006;0,034;-0,005;0,1;78,7337;60,37;20;7973;15;11;58;137;124
2025;8;0,59;0,63;0,54;0,59;0,58;1;0,61;0,59;110;396;232;2884;4787;3054;2,1;2,4;2;0,47;0,1;118;121;185;265;108;114;54;58;190;0,004;-0,004;0,028;0,025;0,001;0,005;0,061;0,021;-0,01;-0,5;80,1574;57,55;18;7385;25;7;40;164;89
2025;9;0,57;0,71;0,55;0,63;0,57;0,98;0,61;0,62;119;335;265;2897;4538;2987;1,3;2,9;1;0,57;0,07;245;246;453;416;217;190;88;81;116;0,009;0,003;0,018;0,034;0,002;0,003;0,042;0,051;0,008;-1,7;82,9553;56,82;17;9205;21;5;63;136;118
2025;10;0,55;0,72;0,43;0,6;0,56;0,98;0,59;0,6;135;483;377;3102;4972;3308;2;2,1;2;0,43;0,09;182;97;282;116;151;69;60;51;80;0,016;0,005;0,048;0,035;0,006;0,025;0,072;0,029;0,017;-1,4;81,0031;53,68;17;9814;13;5;60;75;158
2025;11;0,62;0,58;0,54;0,58;0,58;0,97;0,61;0,58;128;397;230;3213;4893;3406;2;1,6;2;0,56;0,06;152;145;250;284;139;128;51;19;251;0,001;0,004;0,033;0,034;0,001;0,004;0,204;-0,015;-0,01;-2,8;80,3429;44,87;16,5;9492;11;12;38;86;99
2025;12;0,67;0,62;0,53;0,6;0,62;1;0,65;0,6;176;586;370;3155;4836;3312;1,5;1,4;1;0,49;0,05;300;197;225;270;170;222;48;51;303;0,019;0,003;0,039;0,038;0,048;0,037;0,155;-0,001;-0,008;-0,7;78,4248;39,18;16,5;9282;25;5;60;83;107
